<mddoc>

	<docpage target="README.md" autoloader="psr0" autoloader-root="src">

		<section title="Simple Calendar">
			<badge-poser type="version"/>
			<badge-poser type="license"/>
			<badge-scrutinizer name="donatj/SimpleCalendar" type="quality"/>
			<badge-travis name="donatj/SimpleCalendar"/>
			<text>A very simple, easy to use PHP calendar rendering class.</text>
			<section title="Requirements">
				<composer-requires/>
			</section>
			<section title="Installing">
				<composer-install/>
			</section>
			<section title="Sample Usage">
				<text>
					<![CDATA[
```php
<?php
require('SimpleCalendar.php');

$Calendar = new donatj\SimpleCalendar('June 2010');
$Calendar->show();
```

or

```php
<?php
require('SimpleCalendar.php');

$Calendar = new donatj\SimpleCalendar();
$Calendar->setDate('June 5 2010');
$Calendar->show();
```
]]></text>
			</section>

			<section title="Documentation">
				<recursivedirectory name="lib"/>
			</section>
		</section>
	</docpage>
</mddoc>